{
  "Automobile 1982": 1633.9571428571428,
  "Automobile ABAY": 1334.063372717508,
  "Automobile ALFA ROMEO": 1596.142857142857,
  "Automobile ATOZ": 962.4873949579832,
  "Automobile AUDI": 1767.857142857143,
  "Automobile AWASH": 1405.3428571428572,
  "Automobile BISHOFTU": 2717.3076923076924,
  "Automobile BMW": 2134.5904761904762,
  "Automobile BYD": 1955.5714285714287,
  "Automobile CADILLAC": 4006.3142857142857,
  "Automobile CHERRY": 1471.2118644067796,
  "Automobile CHEVROLET": 2189.098639455782,
  "Automobile CITROEN": 1508.7777777777778,
  "Automobile DACIA": 1738.741935483871,
  "Automobile DAEWOO": 1348.594366197183,
  "Automobile DAIHATSU": 1404.3545647558387,
  "Automobile FAW": 1578.9130434782608,
  "Automobile FIAT": 1196.404139433551,
  "Automobile FORD": 2038.9486166007905,
  "Automobile GEELY": 1454.4194312796208,
  "Automobile HONDA": 1742.021052631579,
  "Automobile HUMMER": 5133.333333333333,
  "Automobile HYUNDAI": 1424.956204379562,
  "Automobile ISUZU": 2511.9583333333335,
  "Automobile JEEP": 3270.0,
  "Automobile KIA": 1547.9017094017095,
  "Automobile LADA": 1472.0244512364545,
  "Automobile LAND ROVER": 2601.7640167364016,
  "Automobile LEXUS": 2682.6153846153848,
  "Automobile LIFAN": 1420.5330571665286,
  "Automobile MAZDA": 1500.132911392405,
  "Automobile MERCEDES": 2303.375917767988,
  "Automobile MITSUBISHI": 1678.9463667820069,
  "Automobile NISSAN": 2333.7978916757543,
  "Automobile OPEL": 1579.1575757575758,
  "Automobile PEUGEOT": 1636.3064066852369,
  "Automobile PONTIAC": 4300.0,
  "Automobile PORSCHE": 2700.0,
  "Automobile RANGE ROVER": 3068.54,
  "Automobile RENAULT": 1345.038112522686,
  "Automobile ROEWE": 2500.0,
  "Automobile SAAB": 1985.0,
  "Automobile SKODA": 1306.7215189873418,
  "Automobile SSANGYONG": 2187.9310344827586,
  "Automobile SUZUKI": 1580.9213532513181,
  "Automobile TATA": 1196.6666666666667,
  "Automobile TEKEZE": 1294.1666666666667,
  "Automobile TOYOTA": 1666.4832110125244,
  "Automobile UNKNOWN": 2055.944827586207,
  "Automobile VOLKSWAGEN": 1361.7350800582242,
  "Automobile VOLVO": 2159.6434108527133,
  "Automobile ZOTYE": 1337.452380952381,
  "Automobile ZZ": 1987.5,
  "Bus AMBULANCE": 3799.1935483870966,
  "Bus BAJAJ": 208.46786585365857,
  "Bus BISHOFTU": 8502.832939787486,
  "Bus CACCIAMALLI": 4909.333333333333,
  "Bus CHANGAN": 3195.285714285714,
  "Bus CHEVROLET": 4958.2,
  "Bus DAEWOO": 5590.323117569352,
  "Bus DAF": 8572.573936170213,
  "Bus DONGFENG": 2113.4285714285716,
  "Bus FIAT": 5522.073299748111,
  "Bus FORD": 2380.969696969697,
  "Bus FOTON": 3692.75,
  "Bus HIGER": 3951.49436795995,
  "Bus HINO": 3189.5384615384614,
  "Bus HYUNDAI": 3196.361233480176,
  "Bus ISUZU": 4723.721267772512,
  "Bus IVECO": 5076.874782608696,
  "Bus JINBEI": 3842.0805369127515,
  "Bus KIA": 3000.1917808219177,
  "Bus KING LONG": 8210.9375,
  "Bus LAND ROVER": 2491.05,
  "Bus LONGJIANG": 2845.9142857142856,
  "Bus MAZDA": 1884.9130434782608,
  "Bus MERCEDES": 5339.766666666666,
  "Bus MITSUBISHI": 3712.848780487805,
  "Bus NISSAN": 3331.435661764706,
  "Bus OPEL": 3528.0,
  "Bus OTOYOL": 5983.2,
  "Bus RENAULT": 5490.0,
  "Bus SCANIA": 9231.25,
  "Bus SUNLONG": 6872.371428571429,
  "Bus SUZUKI": 1973.861111111111,
  "Bus TATA": 6060.366071428572,
  "Bus TOYOTA": 2694.9613159320365,
  "Bus TURBO": 4594.471153846154,
  "Bus UNKNOWN": 6694.375,
  "Bus VOLKSWAGEN": 1615.5625,
  "Bus VOLVO": 6235.0,
  "Bus YOUNGMAN": 4164.0,
  "Bus YUTONG": 9726.0,
  "Bus ZZ": 3406.6666666666665,
  "Motor-cycle BAJAJ": 202.8689361266199,
  "Motor-cycle BMW": 544.4553512396694,
  "Motor-cycle DAYUN": 157.24105263157895,
  "Motor-cycle FORCE": 498.777990430622,
  "Motor-cycle HERO": 135.0,
  "Motor-cycle HONDA": 484.0733644859813,
  "Motor-cycle LIFAN": 156.22989749430525,
  "Motor-cycle MOTORCYCLE": 402.4347826086956,
  "Motor-cycle PLATENA": 130.2653237410072,
  "Motor-cycle PORSCHE": 118.679088,
  "Motor-cycle REDFOX": 177.93614457831328,
  "Motor-cycle SUZUKI": 308.24350479511764,
  "Motor-cycle TVS": 167.5270150273224,
  "Motor-cycle UNKNOWN": 119.99931764705882,
  "Motor-cycle YAMAHA": 185.87203037024398,
  "Motor-cycle ZONGSHEN": 147.97095541401276,
  "Motor-cycle ZZ": 868.0625,
  "Pick-up BISHOFTU": 2771.3963963963965,
  "Pick-up CHEVROLET": 2350.217741935484,
  "Pick-up DACIA": 1767.4318181818182,
  "Pick-up DAEWOO": 2141.0,
  "Pick-up DONGFENG": 2323.294117647059,
  "Pick-up FAW": 2365.027777777778,
  "Pick-up FORD": 2822.6066208082543,
  "Pick-up FOTON": 2576.1666666666665,
  "Pick-up GMC": 3135.2195121951218,
  "Pick-up GREAT WALL": 3183.5555555555557,
  "Pick-up HYUNDAI": 2360.0,
  "Pick-up ISUZU": 2329.4337990685294,
  "Pick-up JEEP": 2511.0,
  "Pick-up JMC": 2222.842105263158,
  "Pick-up KIA": 2149.6393442622953,
  "Pick-up LAND ROVER": 2541.6265822784812,
  "Pick-up LANJIAN": 2636.818181818182,
  "Pick-up MAHINDRA": 2560.4166666666665,
  "Pick-up MAZDA": 2742.3541666666665,
  "Pick-up MERCEDES": 2746.6666666666665,
  "Pick-up MITSUBISHI": 2487.6148080438757,
  "Pick-up NISSAN": 3096.0753365175856,
  "Pick-up OTOYOL": 2554.0714285714284,
  "Pick-up PEUGEOT": 1829.6447368421052,
  "Pick-up RENAULT": 1418.0533333333333,
  "Pick-up SUZUKI": 1294.1754385964912,
  "Pick-up TATA": 2488.458762886598,
  "Pick-up TOYOTA": 2934.4696110630944,
  "Pick-up UNKNOWN": 2300.3469387755104,
  "Pick-up VOLKSWAGEN": 1786.72131147541,
  "Pick-up WINEGEL": 2440.0625,
  "Pick-up ZZ": 2807.2,
  "Special construction AMBULANCE": 4164.0,
  "Special construction BAJAJ": 173.0,
  "Special construction BRIDGE": 9461.6,
  "Special construction CATERPILLAR": 8423.090290178572,
  "Special construction CLAAS": 6370.135955056179,
  "Special construction CRANE": 4856.666666666667,
  "Special construction FAW": 4352.1578947368425,
  "Special construction FIAT": 8231.893617021276,
  "Special construction INTERNATIONAL": 5409.469055690073,
  "Special construction IVECO": 9670.0,
  "Special construction MERCEDES": 6331.640625,
  "Special construction NISSAN": 10308.0,
  "Special construction OPEL": 11275.75,
  "Special construction REFRIGERATED TRUCK": 4461.0,
  "Special construction ROLLER": 8515.257575757576,
  "Special construction SPECIAL VEHICLE": 8871.115384615385,
  "Special construction TOYOTA": 3773.627450980392,
  "Special construction UNKNOWN": 6770.71875,
  "Special construction YALE": 2000.0,
  "Station Wagones BISHOFTU": 2835.1259842519685,
  "Station Wagones BMW": 3311.7083333333335,
  "Station Wagones CHERRY": 1732.6666666666667,
  "Station Wagones CHEVROLET": 3599.259259259259,
  "Station Wagones CITROEN": 2651.0833333333335,
  "Station Wagones DAIHATSU": 1339.2857142857142,
  "Station Wagones DONGFENG": 2487.0,
  "Station Wagones FORD": 2551.1481481481483,
  "Station Wagones GMC": 5643.057692307692,
  "Station Wagones GREAT WALL": 2388.6,
  "Station Wagones HONDA": 2540.2105263157896,
  "Station Wagones HYUNDAI": 2547.9189189189187,
  "Station Wagones ISUZU": 2805.963730569948,
  "Station Wagones JEEP": 3411.1627906976746,
  "Station Wagones KIA": 2625.1153846153848,
  "Station Wagones LADA": 1600.6666666666667,
  "Station Wagones LAND ROVER": 2838.061776061776,
  "Station Wagones LIFAN": 1800.0,
  "Station Wagones MAHINDRA": 3298.6,
  "Station Wagones MERCEDES": 3021.9333333333334,
  "Station Wagones MITSUBISHI": 2755.2552083333335,
  "Station Wagones NISSAN": 3915.032575500509,
  "Station Wagones RANGE ROVER": 3093.6153846153848,
  "Station Wagones SSANGYONG": 3075.3684210526317,
  "Station Wagones SUZUKI": 1870.4329268292684,
  "Station Wagones TOYOTA": 3939.3089017217408,
  "Station Wagones UNKNOWN": 3647.6666666666665,
  "Station Wagones VOLKSWAGEN": 1767.9,
  "Station Wagones ZOTYE": 1599.5555555555557,
  "Station Wagones ZZ": 4500.0,
  "Tanker DAEWOO": 10339.348837209302,
  "Tanker DAF": 6777.59375,
  "Tanker DONGFENG": 9814.281045751633,
  "Tanker DUMP TRUCK": 7398.0,
  "Tanker FAW": 9971.563636363637,
  "Tanker FIAT": 11761.721189591079,
  "Tanker HINO": 9740.287958115183,
  "Tanker HOWO": 9118.188679245282,