{
  "Automobile 1982": 54993.51194630872,
  "Automobile ABAY": 203442.29830526313,
  "Automobile ALFA ROMEO": 42250.0,
  "Automobile ATOZ": 63898.06330623306,
  "Automobile AUDI": 287691.6633870968,
  "Automobile AWASH": 309540.6363888889,
  "Automobile BISHOFTU": 895074.1788235294,
  "Automobile BMW": 283970.25061919505,
  "Automobile BYD": 468605.71428571426,
  "Automobile CADILLAC": 69304.35714285714,
  "Automobile CHERRY": 157277.60845528456,
  "Automobile CHEVROLET": 281917.7558085809,
  "Automobile CITROEN": 21289.913636363635,
  "Automobile DACIA": 131018.99906249999,
  "Automobile DAEWOO": 68791.68991957104,
  "Automobile DAIHATSU": 276384.5825462012,
  "Automobile FAW": 272807.86190476187,
  "Automobile FIAT": 12606.05046659597,
  "Automobile FORD": 231029.3969465649,
  "Automobile GEELY": 231303.16411764704,
  "Automobile HONDA": 267436.000974026,
  "Automobile HUMMER": 2333333.3333333335,
  "Automobile HYUNDAI": 232644.3828340081,
  "Automobile ISUZU": 95414.42857142857,
  "Automobile JEEP": 66066.66666666667,
  "Automobile KIA": 197541.38331914894,
  "Automobile LADA": 968.310781671159,
  "Automobile LAND ROVER": 239404.64166007907,
  "Automobile LEXUS": 558763.7946153847,
  "Automobile LIFAN": 263988.635114806,
  "Automobile MAZDA": 38091.49503030303,
  "Automobile MERCEDES": 437561.4250179469,
  "Automobile MITSUBISHI": 227729.3911542857,
  "Automobile NISSAN": 301782.4636538461,
  "Automobile OPEL": 77245.04676136364,
  "Automobile PEUGEOT": 39788.68899731423,
  "Automobile PONTIAC": 0.0,
  "Automobile PORSCHE": 2900000.0,
  "Automobile RANGE ROVER": 496243.2390740741,
  "Automobile RENAULT": 139693.85962298026,
  "Automobile ROEWE": 0.0,
  "Automobile SAAB": 1174864.86,
  "Automobile SKODA": 157329.541875,
  "Automobile SSANGYONG": 152810.93363636362,
  "Automobile SUZUKI": 147869.45050905953,
  "Automobile TATA": 0.0,
  "Automobile TEKEZE": 236666.66666666666,
  "Automobile TOYOTA": 209826.43716758263,
  "Automobile UNKNOWN": 159286.57736,
  "Automobile VOLKSWAGEN": 44809.795454545456,
  "Automobile VOLVO": 116503.54609929078,
  "Automobile ZOTYE": 310274.74047619046,
  "Automobile ZZ": 551978.9157692308,
  "Bus AMBULANCE": 512339.58553398063,
  "Bus BAJAJ": 3351.190476190476,
  "Bus BISHOFTU": 297140.5718559719,
  "Bus CACCIAMALLI": 745914.5516666668,
  "Bus CHANGAN": 919310.4066666667,
  "Bus CHEVROLET": 349939.35480000003,
  "Bus DAEWOO": 860847.2506451613,
  "Bus DAF": 30838.93265235457,
  "Bus DONGFENG": 269899.66461538465,
  "Bus FIAT": 244067.31932535366,
  "Bus FORD": 468360.339047619,
  "Bus FOTON": 727500.0,
  "Bus HIGER": 346176.3097285068,
  "Bus HINO": 694984.5364705883,
  "Bus HYUNDAI": 543437.7925619835,
  "Bus ISUZU": 402623.10952617397,
  "Bus IVECO": 502532.50221763086,
  "Bus JINBEI": 598304.242969697,
  "Bus KIA": 133088.40512820514,
  "Bus KING LONG": 1669616.493125,
  "Bus LAND ROVER": 220332.2857142857,
  "Bus LONGJIANG": 379922.97297297296,
  "Bus MAZDA": 47979.12,
  "Bus MERCEDES": 685665.0453727902,
  "Bus MITSUBISHI": 492978.1088262911,
  "Bus NISSAN": 293770.63465890184,
  "Bus OPEL": 29294.7,
  "Bus OTOYOL": 446235.0,
  "Bus RENAULT": 618862.6666666666,
  "Bus SCANIA": 325000.0,
  "Bus SUNLONG": 1455971.447037037,
  "Bus SUZUKI": 183302.12486486486,
  "Bus TATA": 618776.534665272,
  "Bus TOYOTA": 234096.3800734303,
  "Bus TURBO": 279989.1175555556,
  "Bus UNKNOWN": 1346381.4035294119,
  "Bus VOLKSWAGEN": 85980.98837209302,
  "Bus VOLVO": 953832.4695098039,
  "Bus YOUNGMAN": 2346584.6666666665,
  "Bus YUTONG": 2600000.0,
  "Bus ZZ": 255000.0,
  "Motor-cycle BAJAJ": 10267.625446415694,
  "Motor-cycle BMW": 115906.7957029703,
  "Motor-cycle DAYUN": 19284.1745,
  "Motor-cycle FORCE": 20953.291841637012,
  "Motor-cycle HERO": 591826.086,
  "Motor-cycle HONDA": 40674.6100896861,
  "Motor-cycle LIFAN": 7401.012355555556,
  "Motor-cycle MOTORCYCLE": 28286.593913043478,
  "Motor-cycle PLATENA": 5448.2672999999995,
  "Motor-cycle PORSCHE": 10195.053854489164,
  "Motor-cycle REDFOX": 17083.06769230769,
  "Motor-cycle SUZUKI": 32381.134173250564,
  "Motor-cycle TVS": 12269.525441650549,
  "Motor-cycle UNKNOWN": 2213.0882903981264,
  "Motor-cycle YAMAHA": 25840.661120718323,
  "Motor-cycle ZONGSHEN": 3397.7706680584547,
  "Motor-cycle ZZ": 45125.0,
  "Pick-up BISHOFTU": 444431.0628251748,
  "Pick-up CHEVROLET": 217843.16759124087,
  "Pick-up DACIA": 111574.1055276382,
  "Pick-up DAEWOO": 233535.7142857143,
  "Pick-up DONGFENG": 420460.2733333334,
  "Pick-up FAW": 445493.7170786517,
  "Pick-up FORD": 357290.6984692597,
  "Pick-up FOTON": 317010.14499999996,
  "Pick-up GMC": 361336.122173913,
  "Pick-up GREAT WALL": 571070.6059259259,
  "Pick-up HYUNDAI": 212086.32222222222,
  "Pick-up ISUZU": 137527.90607464607,
  "Pick-up JEEP": 100000.0,
  "Pick-up JMC": 568421.052631579,
  "Pick-up KIA": 109170.10268656716,
  "Pick-up LAND ROVER": 289125.2128279883,
  "Pick-up LANJIAN": 419221.5605882353,
  "Pick-up MAHINDRA": 602609.5420542635,
  "Pick-up MAZDA": 797262.4379084967,
  "Pick-up MERCEDES": 223594.91470588234,
  "Pick-up MITSUBISHI": 238860.13840415995,
  "Pick-up NISSAN": 504358.454130031,
  "Pick-up OTOYOL": 177678.89785714287,
  "Pick-up PEUGEOT": 46563.763414634144,
  "Pick-up RENAULT": 142512.20479999998,
  "Pick-up SUZUKI": 105547.77215384616,
  "Pick-up TATA": 276912.3124886878,
  "Pick-up TOYOTA": 445396.900539519,
  "Pick-up UNKNOWN": 141500.78653061224,
  "Pick-up VOLKSWAGEN": 116393.60992248062,
  "Pick-up WINEGEL": 456766.16500000004,
  "Pick-up ZZ": 91600.0,
  "Special construction AMBULANCE": 1214400.0,
  "Special construction ARMORDE": 1241666.86,
  "Special construction BAJAJ": 0.0,
  "Special construction BELARUS": 15000000.0,
  "Special construction BRIDGE": 1798192.7036000001,
  "Special construction CASE": 0.0,
  "Special construction CATERPILLAR": 497813.92553405015,
  "Special construction CLAAS": 1292002.895049505,
  "Special construction CONCRETE MIXER": 1331598.25,
  "Special construction CRANE": 5418218.663333333,
  "Special construction FAW": 857754.2962162163,
  "Special construction FIAT": 175212.73852941178,
  "Special construction INTERNATIONAL": 1061668.3680230326,
  "Special construction IVECO": 0.0,
  "Special construction KATO": 586657.6470588235,
  "Special construction KOMATSU": 833000.0,
  "Special construction LIBERDOZER": 10500000.0,
  "Special construction MANITOU": 2141300.0,
  "Special construction MASSEY FERGUSON": 0.0,
  "Special construction MERCEDES": 718060.2968939394,
  "Special construction NISSAN": 843750.0,
  "Special construction OPEL": 1448405.969090909,
  "Special construction REFRIGERATED TRUCK": 590855.77,
  "Special construction RENAULT": 240250.0,
  "Special construction ROLLER": 27348.484848484848,
  "Special construction SHANTUI": 7381008.322857142,
  "Special construction SPECIAL VEHICLE": 1550589.1587671232,
  "Special construction TOYOTA": 536645.2973873874,
  "Special construction TRACTOR": 297185.81149999995,
  "Special construction UNKNOWN": 1129444.8173148148,
  "Special construction YALE": 0.0,
  "Station Wagones BISHOFTU": 898245.2710204081,
  "Station Wagones BMW": 1194923.0537037037,
  "Station Wagones CHERRY": 847282.65,
  "Station Wagones CHEVROLET": 181529.37714285712,
  "Station Wagones CITROEN": 374166.6666666667,
  "Station Wagones DACIA": 0.0,
  "Station Wagones DAIHATSU": 100420.22857142857,
  "Station Wagones DONGFENG": 539135.4166666666,
  "Station Wagones FORD": 562343.9407692308,
  "Station Wagones GMC": 1412274.197142857,
  "Station Wagones GREAT WALL": 622583.0396,
  "Station Wagones HONDA": 854368.6994999999,
  "Station Wagones HYUNDAI": 443629.73736842105,
  "Station Wagones ISUZU": 252336.41191709845,
  "Station Wagones JEEP": 242164.21558139534,
  "Station Wagones KIA": 270364.109,
  "Station Wagones LADA": 23037.656,
  "Station Wagones LAND ROVER": 378947.7759674503,
  "Station Wagones LIFAN": 530000.0,
  "Station Wagones MAHINDRA": 350416.615,
  "Station Wagones MERCEDES": 453227.0,