{
  "Automobile 1982": 4.25,
  "Automobile ABAY": 3.9147368421052633,
  "Automobile ALFA ROMEO": 3.3125,
  "Automobile ATOZ": 4.043360433604336,
  "Automobile AUDI": 4.016949152542373,
  "Automobile AWASH": 4.0,
  "Automobile BISHOFTU": 4.0,
  "Automobile BMW": 4.03125,
  "Automobile BYD": 4.142857142857143,
  "Automobile CADILLAC": 4.057142857142857,
  "Automobile CHERRY": 4.276422764227642,
  "Automobile CHEVROLET": 4.026402640264027,
  "Automobile CITROEN": 3.272727272727273,
  "Automobile DACIA": 4.1875,
  "Automobile DAEWOO": 4.112600536193029,
  "Automobile DAIHATSU": 4.0718685831622174,
  "Automobile FAW": 3.880952380952381,
  "Automobile FIAT": 4.030752916224815,
  "Automobile FORD": 4.290076335877862,
  "Automobile GEELY": 3.9547511312217196,
  "Automobile HONDA": 4.071428571428571,
  "Automobile HUMMER": 4.333333333333333,
  "Automobile HYUNDAI": 4.0696356275303645,
  "Automobile ISUZU": 4.428571428571429,
  "Automobile JEEP": 3.8,
  "Automobile KIA": 3.9872340425531916,
  "Automobile LADA": 4.088211491772323,
  "Automobile LAND ROVER": 5.288537549407114,
  "Automobile LEXUS": 4.615384615384615,
  "Automobile LIFAN": 4.0079176563737136,
  "Automobile MAZDA": 3.8848484848484848,
  "Automobile MERCEDES": 4.098348887293611,
  "Automobile MITSUBISHI": 4.724571428571428,
  "Automobile NISSAN": 4.863863150392017,
  "Automobile OPEL": 4.090909090909091,
  "Automobile PEUGEOT": 4.102954341987466,
  "Automobile PONTIAC": 4.0,
  "Automobile PORSCHE": 4.0,
  "Automobile RANGE ROVER": 4.148148148148148,
  "Automobile RENAULT": 4.008976660682226,
  "Automobile ROEWE": 4.0,
  "Automobile SAAB": 4.0,
  "Automobile SKODA": 3.85,
  "Automobile SSANGYONG": 3.8484848484848486,
  "Automobile SUZUKI": 4.001725625539258,
  "Automobile TATA": 3.5,
  "Automobile TEKEZE": 4.0,
  "Automobile TOYOTA": 4.316828502070541,
  "Automobile UNKNOWN": 4.024390243902439,
  "Automobile VOLKSWAGEN": 4.016404647983595,
  "Automobile VOLVO": 4.035460992907802,
  "Automobile ZOTYE": 4.0476190476190474,
  "Automobile ZZ": 5.230769230769231,
  "Bus AMBULANCE": 2.9029126213592233,
  "Bus BAJAJ": 3.0773809523809526,
  "Bus BISHOFTU": 105.1188524590164,
  "Bus CACCIAMALLI": 46.916666666666664,
  "Bus CHANGAN": 25.979166666666668,
  "Bus CHEVROLET": 22.56,
  "Bus DAEWOO": 38.05069124423963,
  "Bus DAF": 96.74445983379502,
  "Bus DONGFENG": 6.538461538461538,
  "Bus FIAT": 41.310119695321,
  "Bus FORD": 12.976190476190476,
  "Bus FOTON": 36.5,
  "Bus HIGER": 28.528280542986426,
  "Bus HINO": 29.235294117647058,
  "Bus HYUNDAI": 17.669421487603305,
  "Bus ISUZU": 26.357558552164654,
  "Bus IVECO": 39.352617079889804,
  "Bus JINBEI": 18.951515151515153,
  "Bus KIA": 12.987179487179487,
  "Bus KING LONG": 86.28125,
  "Bus LAND ROVER": 7.666666666666667,
  "Bus LONGJIANG": 15.027027027027026,
  "Bus MAZDA": 9.6,
  "Bus MERCEDES": 45.960030745580326,
  "Bus MITSUBISHI": 24.995305164319248,
  "Bus NISSAN": 15.45757071547421,
  "Bus OPEL": 24.0,
  "Bus OTOYOL": 25.0,
  "Bus RENAULT": 45.0,
  "Bus SCANIA": 53.6,
  "Bus SUNLONG": 44.03703703703704,
  "Bus SUZUKI": 12.162162162162161,
  "Bus TATA": 48.09414225941423,
  "Bus TOYOTA": 11.957698029007066,
  "Bus TURBO": 26.32,
  "Bus UNKNOWN": 36.72268907563025,
  "Bus VOLKSWAGEN": 7.627906976744186,
  "Bus VOLVO": 50.59803921568628,
  "Bus YOUNGMAN": 110.0,
  "Bus YUTONG": 60.0,
  "Bus ZZ": 15.333333333333334,
  "Motor-cycle BAJAJ": 2.862060675994038,
  "Motor-cycle BMW": 1.0534653465346535,
  "Motor-cycle DAYUN": 0.95,
  "Motor-cycle FORCE": 3.987544483985765,
  "Motor-cycle HERO": 1.0,
  "Motor-cycle HONDA": 0.9461883408071748,
  "Motor-cycle LIFAN": 1.0144444444444445,
  "Motor-cycle MOTORCYCLE": 1.0,
  "Motor-cycle PLATENA": 1.0666666666666667,
  "Motor-cycle PORSCHE": 1.0371517027863777,
  "Motor-cycle REDFOX": 0.6373626373626373,
  "Motor-cycle SUZUKI": 0.9746049661399548,
  "Motor-cycle TVS": 1.9039329464861379,
  "Motor-cycle UNKNOWN": 1.234192037470726,
  "Motor-cycle YAMAHA": 0.9038909211839042,
  "Motor-cycle ZONGSHEN": 1.1064718162839249,
  "Motor-cycle ZZ": 1.0,
  "Pick-up BISHOFTU": 3.8993006993006993,
  "Pick-up CHEVROLET": 3.218978102189781,
  "Pick-up DACIA": 2.201005025125628,
  "Pick-up DAEWOO": 2.0714285714285716,
  "Pick-up DONGFENG": 3.4074074074074074,
  "Pick-up FAW": 3.3258426966292136,
  "Pick-up FORD": 3.7289836888331243,
  "Pick-up FOTON": 2.4,
  "Pick-up GMC": 2.5652173913043477,
  "Pick-up GREAT WALL": 3.925925925925926,
  "Pick-up HYUNDAI": 2.365079365079365,
  "Pick-up ISUZU": 3.4356499356499355,
  "Pick-up JEEP": 2.4,
  "Pick-up JMC": 3.4210526315789473,
  "Pick-up KIA": 3.074626865671642,
  "Pick-up LAND ROVER": 2.717201166180758,
  "Pick-up LANJIAN": 3.2941176470588234,
  "Pick-up MAHINDRA": 4.0271317829457365,
  "Pick-up MAZDA": 3.8162672476397965,
  "Pick-up MERCEDES": 2.264705882352941,
  "Pick-up MITSUBISHI": 3.715079792002869,
  "Pick-up NISSAN": 3.6763673890608874,
  "Pick-up OTOYOL": 3.0714285714285716,
  "Pick-up PEUGEOT": 1.7682926829268293,
  "Pick-up RENAULT": 1.2,
  "Pick-up SUZUKI": 1.2615384615384615,
  "Pick-up TATA": 2.013574660633484,
  "Pick-up TOYOTA": 3.288070106671893,
  "Pick-up UNKNOWN": 3.5510204081632653,
  "Pick-up VOLKSWAGEN": 2.108527131782946,
  "Pick-up WINEGEL": 4.0,
  "Pick-up ZZ": 1.4,
  "Special construction AMBULANCE": 8.0,
  "Special construction ARMORDE": 1.0,
  "Special construction BAJAJ": 3.0,
  "Special construction BELARUS": 0.0,
  "Special construction BRIDGE": 0.88,
  "Special construction CASE": 0.0,
  "Special construction CATERPILLAR": 0.48100358422939066,
  "Special construction CLAAS": 1.8443708609271523,
  "Special construction CONCRETE MIXER": 0.8333333333333334,
  "Special construction CRANE": 0.7575757575757576,
  "Special construction FAW": 1.4864864864864864,
  "Special construction FIAT": 1.0588235294117647,
  "Special construction INTERNATIONAL": 4.300383877159309,
  "Special construction IVECO": 0.0,
  "Special construction KATO": 0.17647058823529413,
  "Special construction KOMATSU": 0.0,
  "Special construction LIBERDOZER": 1.25,
  "Special construction MANITOU": 0.0,
  "Special construction MASSEY FERGUSON": 0.42857142857142855,
  "Special construction MERCEDES": 3.257575757575758,
  "Special construction NISSAN": 2.0,
  "Special construction OPEL": 0.36363636363636365,
  "Special construction REFRIGERATED TRUCK": 2.0,
  "Special construction RENAULT": 8.0,
  "Special construction ROLLER": 0.4166666666666667,
  "Special construction SHANTUI": 0.0,
  "Special construction SPECIAL VEHICLE": 0.3972602739726027,
  "Special construction TOYOTA": 5.3993993993994,
  "Special construction TRACTOR": 0.15,
  "Special construction UNKNOWN": 1.2685185185185186,
  "Special construction YALE": 1.0,
  "Station Wagones BISHOFTU": 4.3061224489795915,
  "Station Wagones BMW": 5.481481481481482,
  "Station Wagones CHERRY": 6.0,
  "Station Wagones CHEVROLET": 5.642857142857143,
  "Station Wagones CITROEN": 6.5,
  "Station Wagones DACIA": 6.0,
  "Station Wagones DAIHATSU": 4.0,
  "Station Wagones DONGFENG": 6.166666666666667,
  "Station Wagones FORD": 5.958041958041958,
  "Station Wagones GMC": 5.446428571428571,
  "Station Wagones GREAT WALL": 4.28,
  "Station Wagones HONDA": 4.85,
  "Station Wagones HYUNDAI": 4.7894736842105265,
  "Station Wagones ISUZU": 6.27979274611399,
  "Station Wagones JEEP": 5.0,
  "Station Wagones KIA": 4.833333333333333,
  "Station Wagones LADA": 4.266666666666667,
  "Station Wagones LAND ROVER": 6.432188065099457,
  "Station Wagones LIFAN": 4.0,
  "Station Wagones MAHINDRA": 6.333333333333333,
  "Station Wagones MERCEDES": 5.659574468085107,
  "Station Wagones MITSUBISHI": 6.233722871452421,
  "Station Wagones NISSAN": 6.8125,
  "Station Wagones RANGE ROVER": 4.846153846153846,
  "Station Wagones SSANGYONG": 6.65,
  "Station Wagones SUZUKI": 4.183431952662722,
  "Station Wagones TOYOTA": 7.2969212398110175,
  "Station Wagones UNKNOWN": 5.555555555555555,
  "Station Wagones VOLKSWAGEN": 6.3,
  "Station Wagones ZOTYE": 4.0,